Rempel-Deckow,Rempel-Deckow,Keebler Inc
"Pouros, Rowe and West","Pouros, Rowe and West",Pouros-Brown
Feeney Inc,Feeney Inc,Sanford-DuBuque
"Murazik, Heathcote and Renner","Murazik, Heathcote and Renner",Sanford Inc
Zieme-Stroman,Zieme-Stroman,Hane-Casper
Wilkinson Inc,Wilkinson Inc,Wolf LLC
Harvey-Hilpert,Harvey-Hilpert,Harber-Lind
"Murazik, Heller and Stoltenberg","Murazik, Heller and Stoltenberg",Parker Group
Murphy-Weber,Murphy-Weber,Botsford Inc
Moore-Lubowitz,Moore-Lubowitz,Sanford Inc
Wiegand-Dietrich,Wiegand-Dietrich,Wolf LLC
Schiller LLC,Schiller LLC,Keebler Inc
Koelpin-Ondricka,Koelpin-Ondricka,Wolf LLC
Romaguera-Koelpin,Romaguera-Koelpin,Wolf LLC
Parker-Wuckert,Parker-Wuckert,Sanford Inc
"Schoen, Hudson and Stanton","Schoen, Hudson and Stanton",Keebler Inc
"O'Kon, Feest and McDermott","O'Kon, Feest and McDermott",Wolf LLC
"Wolff, Johnson and Altenwerth","Wolff, Johnson and Altenwerth",Wolf LLC
Wolff-Steuber,Wolff-Steuber,Keebler Inc
Okuneva-Bradtke,Okuneva-Bradtke,Sanford Inc
"Nitzsche, Cruickshank and Schuppe","Nitzsche, Cruickshank and Schuppe",Wolf LLC
Hagenes-Skiles,Hagenes-Skiles,Sanford Inc
Sauer Group,Sauer Group,Sanford Inc
Bode-Veum,Bode-Veum,Sanford Inc
Hettinger Inc,Hettinger Inc,Sanford Inc
"Satterfield, Rutherford and Harris","Satterfield, Rutherford and Harris",Wolf LLC
"Kirlin, Swift and Mayert","Kirlin, Swift and Mayert",Keebler Inc
Connelly-Rath,Connelly-Rath,"Lemke, Hammes and Grimes"
Welch-Crona,Welch-Crona,Pouros-Brown
Rohan-Gutmann,Rohan-Gutmann,"Rodriguez, Sawayn and Rice"
"Mohr, Raynor and Zemlak","Mohr, Raynor and Zemlak"Sanford-DuBuque,
Gleichner Group,Gleichner Group,Sanford Inc
Schaefer LLC,Schaefer LLC,"Denesik, Rodriguez and Kirlin"
"Gleason, Hessel and Rowe","Gleason, Hessel aKrajcik-Gleasonnd Rowe",
"Ferry, Herman and Bradtke","Ferry, Herman and Bradtke","Roberts, Doyle and Zieme"
Pollich Inc,Pollich Inc,Reynolds-Rowe
Champlin LLC,Champlin LLC,"Casper, Bernhard and Hilpert"
Hintz-Schmeler,Hintz-Schmeler,"Smitham, Doyle and Kub"
Walter-Rau,Walter-Rau,Hane-Casper
Schaden-Gusikowski,Schaden-Gusikowski,Wolf LLC
Lueilwitz-Daniel,Lueilwitz-Daniel,Littel-Schuppe
Kozey Group,Kozey Group,"Schumm, Block and Sanford"
Barton LLC,Barton LLC,Ratke Group
Romaguera-Connelly,Romaguera-Connelly,Kassulke-Schmitt
Schmitt-Mueller,Schmitt-Mueller,"Lindgren, Koelpin and Hettinger"
Trantow Inc,Trantow Inc,Bergstrom-Mueller
Gerhold-Moen,Gerhold-Moen,"Smitham, Hessel and Wisoky"
Glover-Muller,Glover-Muller,Sauer Group
Heller LLC,Heller LLC,Lebsack Group
Bode Inc,Bode Inc,Harber-Lind
Grady-Kuphal,Grady-Kuphal,Parker Group
"Bode, Kirlin and Morissette","Bode, Kirlin and Morissette","Prosacco, Gutkowski and Stiedemann"
Flatley-Sawayn,Flatley-Sawayn,Morar LLC
Moen LLC,Moen LLC,"Keeling, Boyle and Fahey"
"Walsh, McGlynn and Grimes","Walsh, McGlynn Will-Pfefferand Grimes",
Stroman Group,Stroman Group,Schultz-Bergstrom
"Koch, Reilly and Schroeder","Koch, Reilly and Prosacco-WatersSchroeder",
Steuber Inc,Steuber Inc,Hagenes and Sons
Leuschke-Marvin,Leuschke-Marvin,Botsford Inc
Upton LLC,Upton LLC,"Casper, Keebler and Lakin"
Douglas-Lebsack,Douglas-Lebsack,Watsica-O'Connell
Nitzsche-Douglas,Nitzsche-Douglas,Renner-Morissette
Morissette-Sipes,Morissette-Sipes,Beer Inc
"Champlin, Rohan and Dare","Champlin, Rohan and Dare",Keebler Inc
Gulgowski and Sons,Gulgowski and Sons,"Lemke, Hammes and Grimes"
Huels-Schoen,Huels-Schoen,Pouros-Brown
Murray and Sons,Murray and Sons,"Rodriguez, Sawayn and Rice"
Lindgren and Sons,Lindgren and Sons,Sanford-DuBuque
Collins-Ortiz,Collins-Ortiz,Sanford Inc
Klein-McLaughlin,Klein-McLaughlin,"Denesik, Rodriguez and Kirlin"
Schaden-Cremin,Schaden-Cremin,Krajcik-Gleason
"Herman, Romaguera and Glover","Herman, Romaguera and Glover","Roberts, Doyle and Zieme"
Fritsch-Marvin,Fritsch-Marvin,Reynolds-Rowe
Reynolds-Schinner,Reynolds-Schinner,"Casper, Bernhard and Hilpert"
Schaefer Inc,Schaefer Inc,"Smitham, Doyle and Kub"
"Cummerata, Miller and Sawayn","Cummerata, Miller and Sawayn",Hane-Casper
"Berge, Hayes and O'Keefe","Berge, Hayes and O'Keefe",Wolf LLC
"Cartwright, Legros and Reynolds","Cartwright, Legros and Reynolds",Littel-Schuppe
Robel-Ledner,Robel-Ledner,"Schumm, Block and Sanford"
Leuschke-Lind,Leuschke-Lind,Ratke Group
"Lindgren, Ondricka and Friesen","Lindgren, Ondricka and Friesen",Kassulke-Schmitt
Huel-Murazik,Huel-Murazik,"Lindgren, Koelpin and Hettinger"
Batz Inc,Batz Inc,Bergstrom-Mueller
Hettinger-Lynch,Hettinger-Lynch,"Smitham, Hessel and Wisoky"
Russel-Hagenes,Russel-Hagenes,Sauer Group
"Trantow, Bogisich and Smith","Trantow, Bogisich and Smith",Lebsack Group
Upton-Krajcik,Upton-Krajcik,Harber-Lind
Moen-Weissnat,Moen-Weissnat,Parker Group
"Rodriguez, Robel and Schuppe","Rodriguez, Robel and Schuppe","Prosacco, Gutkowski and Stiedemann"
Haag Group,Haag Group,Morar LLC
Langosh and Sons,Langosh and Sons,"Keeling, Boyle and Fahey"
Romaguera-Braun,Romaguera-Braun,Will-Pfeffer
Pouros-Mante,Pouros-Mante,Schultz-Bergstrom
Simonis-Hermann,Simonis-Hermann,Prosacco-Waters
"Pacocha, Strosin and Dietrich","Pacocha, Strosin and Dietrich",Hagenes and Sons
Reichel-Hilpert,Reichel-Hilpert,Botsford Inc
Cormier-Moen,Cormier-Moen,"Casper, Keebler and Lakin"
Heidenreich-Connelly,Heidenreich-Connelly,Watsica-O'Connell
Lehner-Jast,Lehner-Jast,Renner-Morissette
Hoppe-Feeney,Hoppe-Feeney,Beer Inc